product_images_id,created_at,updated_at,deleted_at,product_id,image_url,position
0132c72a-6ef6-4636-8b68-3824191eb313,2024-06-12 03:21:18.749,2024-06-12 03:21:18.749,,ba8150f4-103a-438a-8d14-90ad8dc46a30,https://storage.googleapis.com/alterra-greeve/greeve/d95092b9-6bf2-44e9-bf2e-81fa18a648ebasko-w2084cw_1.jpeg,1
034c9fb4-d7ef-45a2-b29b-01f7511b79d5,2024-06-12 03:21:23.255,2024-06-12 03:21:23.255,,7e7a386a-c8c9-430c-b7d6-2e81f1bad678,https://storage.googleapis.com/alterra-greeve/greeve/0331be78-a4be-4d67-bb46-2cc18a9acd51fairtrade_white_t_2__30295.jpg,2
060944ea-3470-40a4-89d4-0ec34038234c,2024-06-12 03:21:02.941,2024-06-12 03:21:02.941,,2c0819d5-5c18-4954-b99a-f796e655f8f2,https://storage.googleapis.com/alterra-greeve/greeve/30aa05ec-6d97-4807-a1cb-a3ae04fc313cbest-eco-detergents-good-housekeeping-1624544533.png,1
074b77e6-60cd-4a04-9352-9edb92a507e1,2024-06-12 03:20:58.421,2024-06-12 03:20:58.421,,4d1d4263-491f-4eb9-a9b3-e61c5ba812e5,https://storage.googleapis.com/alterra-greeve/greeve/d07e981e-fc49-4a67-9e9f-cce6ca76512371oFThg1eOL._AC_SX679_.jpg,2
12137d86-503f-414d-ac8d-8f184378a14e,2024-06-12 03:21:00.671,2024-06-12 03:21:00.671,,2dd4ca9b-d2e8-40c9-8a56-964c9db60106,https://storage.googleapis.com/alterra-greeve/greeve/58a83c3d-2b7d-45e1-b188-674e9713f1feORIB-BLU_fddceb2b-aa79-4f09-bad8-c4fa3d7dffc6_768x.webp,1
12aad7de-dc87-4009-867e-f7752fb21592,2024-06-12 03:20:53.917,2024-06-12 03:20:53.917,,4f164404-0792-470c-89ee-3e48fd53e50c,https://storage.googleapis.com/alterra-greeve/greeve/732499c3-ccba-49b0-8f64-0220ce13e8f6814-173-38113_1.jpg,2
1737ea82-229c-4fec-b963-aabf9278de72,2024-06-12 03:20:44.905,2024-06-12 03:20:44.905,,f5dac7fe-afb6-4eff-9203-68f6994be2db,https://storage.googleapis.com/alterra-greeve/greeve/b95275d1-d50c-4365-a804-a0d86168bd3fHoneycombRoll1_1200x.webp,1
190c796c-0685-45b6-b491-fc84fd33b298,2024-06-12 03:20:26.882,2024-06-12 03:20:26.882,,a10882e9-ef38-4796-bc25-f56ca2374fed,https://storage.googleapis.com/alterra-greeve/greeve/b354682c-0d94-4b60-8a5b-81ec3e68d71fimages (3).jpeg,1
1ec9ad01-65f2-4c9b-827f-b0538cb366cc,2024-06-12 03:21:50.329,2024-06-12 03:21:50.329,,7beeb22b-1928-4f72-8e9e-55525d792d89,https://storage.googleapis.com/alterra-greeve/greeve/e0ec28d3-9ed0-49e3-a898-ef497eca9c06Classic-Pot-L-Front.jpg,1
21008ec1-3df0-47a9-bbd8-9a04fb520a9f,2024-06-12 03:21:48.070,2024-06-12 03:21:48.070,,b677eb44-63be-4ffb-8741-8d155b912d21,https://storage.googleapis.com/alterra-greeve/greeve/ce1583ab-fbae-4afa-839c-d44732810d7fZZH_T27929A01_000_03.jpg,2
212d4a63-f6f2-4507-b445-591faa30f31f,2024-06-12 03:21:11.969,2024-06-12 03:21:11.969,,7be7821a-c433-4597-bf94-a4e464cbc37e,https://storage.googleapis.com/alterra-greeve/greeve/82520c0e-2159-4bca-8f87-4c4558d6471e91h0aTKT2-L._SX466_.jpg,2
2218fc8d-0212-4569-a2a0-8f1013353b3e,2024-06-12 03:20:47.158,2024-06-12 03:20:47.158,2024-06-11 20:21:35.841,644c996a-5407-416f-86a3-b8fa9233886f,https://storage.googleapis.com/alterra-greeve/greeve/1833a1e6-9302-4c92-837c-f1b7e90799ceimages (9).jpeg,3
22a41f40-ebe6-4731-9d0b-5c95f8259bca,2024-06-12 03:20:24.629,2024-06-12 03:20:24.629,,e5da3310-6ec6-4b43-81c2-a6eb5a0538c8,https://storage.googleapis.com/alterra-greeve/greeve/505e2f53-bffd-4d0b-9986-48c57aa51431seoarticle7desktop1-1645003305937.webp,1
298f1c9f-62f1-4b56-92d1-6c1e29d5612d,2024-06-12 03:21:41.306,2024-06-12 03:21:41.306,,868790b7-4439-49c4-b960-d48bde0fed0b,https://storage.googleapis.com/alterra-greeve/greeve/a2e14472-f661-4d22-86e4-67e97120dfc161xuY0H-eIL._AC_SX679_.jpg,2
29c7205d-5318-423b-a070-fb494fb96f44,2024-06-12 03:20:20.125,2024-06-12 03:20:20.125,,08989b73-113e-4161-8047-9642db33fea3,https://storage.googleapis.com/alterra-greeve/greeve/4b5e6cab-59dd-4d81-988e-e1d390cb9b0c24ba49e1-c01c-4bff-bf1c-e26b0e3e660a.jpg.webp,1
2c4c07b5-d968-403c-af34-c209a6ce079a,2024-06-12 03:20:44.905,2024-06-12 03:20:44.905,,f5dac7fe-afb6-4eff-9203-68f6994be2db,https://storage.googleapis.com/alterra-greeve/greeve/a9e852d0-b485-4675-b45f-80a7078cf2b6BW.comPDPLifestyleImages_1000x1000px_19_1200x.webp,2
32c082f9-0a96-4735-a80e-76dedd3cb393,2024-06-12 03:21:27.768,2024-06-12 03:21:27.768,,aad3789d-706f-417a-ad86-2d8762d9ce3a,https://storage.googleapis.com/alterra-greeve/greeve/aea1114f-c3f9-4ed3-b0a7-1c635cfa875310ae8479-c692-4960-8b8e-8335548f093d.jpg,1
39c70bb3-fdcf-47b4-b7fb-3d2bc259bb67,2024-06-12 03:19:59.848,2024-06-12 03:19:59.848,,7dcf0f20-d1c6-4d8a-8cf5-de60f5c420be,https://storage.googleapis.com/alterra-greeve/greeve/3e4c422e-163d-4916-bfd6-d9bb1768a57d71-3ljQvVDL._AC_SX679_.jpg,2
3cc67803-6459-400e-9d00-1210e00d9e01,2024-06-12 03:21:09.707,2024-06-12 03:21:09.707,,dfddfce8-553a-45da-b62a-80d3bc6f96ac,"https://storage.googleapis.com/alterra-greeve/greeve/b1b9cea6-a5da-47a9-9bad-09dbe3e2aa00rs=w_600,h_600.webp",1
3df64baa-6ff2-4a46-a887-cfa639e7e3a8,2024-06-12 03:21:41.306,2024-06-12 03:21:41.306,,868790b7-4439-49c4-b960-d48bde0fed0b,https://storage.googleapis.com/alterra-greeve/greeve/680ffddc-0275-469c-b2f8-0f92842dd0fe71VOmyQRn0L.__AC_SY445_SX342_QL70_FMwebp_.webp,1
4567a2a2-47da-4d43-9e3f-b7ced35c66a4,2024-06-12 03:21:30.021,2024-06-12 03:21:30.021,,bddb97ac-1212-440a-ae73-00c89a1621b2,https://storage.googleapis.com/alterra-greeve/greeve/fc50a02b-ace4-4b6e-872b-5a12543520f671oWCoV+sFL._AC_SX679_.jpg,1
4784450a-0031-45e4-a142-28a7d181ced5,2024-06-12 03:21:14.223,2024-06-12 03:21:14.223,,4895d8dd-0231-44dc-a3a5-a7ab395d1094,https://storage.googleapis.com/alterra-greeve/greeve/38616064-57d5-46a5-b744-9e18cf851413face_mask_organic_cotton_13.jpg,1
4dbe8d51-ec02-4abb-9c90-3025d5dc0f2a,2024-06-12 03:21:21.002,2024-06-12 03:21:21.002,,9d73a948-298b-4896-8d43-2ad828cbd836,https://storage.googleapis.com/alterra-greeve/greeve/c37ba60a-952c-45b7-8d14-79a25a2a3c48Rimagined_Laptop_Sleeves_Checkered_Src_4_1800x1800.webp,1
4facaf1c-ec28-423d-8728-e93561b0d362,2024-06-12 03:20:13.365,2024-06-12 03:20:13.365,,809db141-0071-478e-bf49-9666968c82b5,https://storage.googleapis.com/alterra-greeve/greeve/2ea547b6-f906-44b9-af13-80705afd4528images.jpeg,1
51738988-9d17-458e-bc76-ffbae54aa202,2024-06-12 03:21:14.223,2024-06-12 03:21:14.223,,4895d8dd-0231-44dc-a3a5-a7ab395d1094,https://storage.googleapis.com/alterra-greeve/greeve/93e2f710-6e28-4ad9-b5dc-a6b2fa77bc22face_mask_organic_cotton_9.jpg,2
5de017b0-1500-4b3c-afd4-b39468a23c71,2024-06-12 03:20:42.651,2024-06-12 03:20:42.651,,23cf052f-26ce-4f99-b61c-6b1cba4e630e,https://storage.googleapis.com/alterra-greeve/greeve/8f317cad-8d3e-4341-a253-6d60a8334cb0REECH.jpeg,1
62b326e4-97fb-445b-9f00-537107439155,2024-06-12 03:20:49.410,2024-06-12 03:20:49.410,,30b3c9d3-3304-4da4-8cda-01052e385eb5,https://storage.googleapis.com/alterra-greeve/greeve/24e88d99-d3ec-4f1e-a08a-433ec28542d741J7+D28yIL._SX342_SY445_.jpg,1
66c3aa34-f08c-44f3-ac69-47dd84d47cc7,2024-06-12 03:20:29.135,2024-06-12 03:20:29.135,,0e1c5843-a637-4a92-bfa0-7c7342f51846,https://storage.googleapis.com/alterra-greeve/greeve/499b5dd0-1df5-4f50-a909-9cc297dd5dac5d1c5b4a544aa5b3ec360cc6db50b318.jpeg,1
67c4443f-2132-4cc5-b505-8fb5519e03ee,2024-06-12 03:21:25.514,2024-06-12 03:21:25.514,,591c7cbe-3820-4ce1-991c-3294169f815b,https://storage.googleapis.com/alterra-greeve/greeve/2aa2e341-7c9d-4e71-9ea1-ad8f3b0efae9a5c9b2a6-926e-44c3-8be1-7d2964081a37.jpg,2
687bb992-d050-4af2-8373-36e4817b172b,2024-06-12 03:20:53.917,2024-06-12 03:20:53.917,,4f164404-0792-470c-89ee-3e48fd53e50c,https://storage.googleapis.com/alterra-greeve/greeve/db2ab4ba-4865-4a11-bd99-86c15c057da0814-173-38113.jpg,1
6b43c5e4-153b-4ae7-b890-83081eb5dced,2024-06-12 03:20:08.860,2024-06-12 03:20:08.860,,7dc84308-0330-41f1-8072-ca635e5055c8,https://storage.googleapis.com/alterra-greeve/greeve/d8707133-71f4-4b7e-aa76-6356f0c455d471t8zZuv+aL._AC_SY300_SX300_.jpg,1
6d76bf71-37f9-4800-9558-a5860dbff9b1,2024-06-12 03:21:45.817,2024-06-12 03:21:45.817,,66bcdf40-2544-4bec-b9be-0283a030e709,https://storage.googleapis.com/alterra-greeve/greeve/eb0e7a1f-f54f-48a8-8fd3-cc94b629bcf6dg_organic_basics-men-organic_cotton-merch-sweatshirt-grey_melange-packshot-1.webp,1
6ed8081f-62a3-461d-ae4e-6b65c6314cfb,2024-06-12 03:20:38.147,2024-06-12 03:20:38.147,,f0f542fb-4810-458a-b679-8f4ab4e08493,https://storage.googleapis.com/alterra-greeve/greeve/561cd4c0-3fbb-4578-87a0-b127b5a40220images (4).jpeg,1
71dd0a93-1c5b-40ae-91d4-638252038857,2024-06-12 03:19:59.848,2024-06-12 03:19:59.848,,7dcf0f20-d1c6-4d8a-8cf5-de60f5c420be,https://storage.googleapis.com/alterra-greeve/greeve/af266a14-78bd-4076-817d-10ebec2403698158DFd-L5L.__AC_SX300_SY300_QL70_FMwebp_.webp,1
737b3ddc-fe04-4fde-b525-62458ca1caca,2024-06-12 03:20:58.421,2024-06-12 03:20:58.421,,4d1d4263-491f-4eb9-a9b3-e61c5ba812e5,https://storage.googleapis.com/alterra-greeve/greeve/0da34de6-7fce-4df0-9d49-6fe9b9d48c8c81evah0JzDL.__AC_SX300_SY300_QL70_FMwebp_.webp,1
768bca91-ecc7-4ee6-b58f-1ad318011ac0,2024-06-12 03:20:47.158,2024-06-12 03:20:47.158,2024-06-11 20:21:35.841,644c996a-5407-416f-86a3-b8fa9233886f,https://storage.googleapis.com/alterra-greeve/greeve/b2aa4228-81ef-4d47-bd58-73c9bac47fe871hxa7Mtq+L._AC_SX679_.jpg,2
7c971320-5c4e-45de-ac02-431c01672c1a,2024-06-12 03:21:36.796,2024-06-12 03:21:36.796,,719d7f9e-7ae5-4e8a-97fe-eda6dcf8a756,"https://storage.googleapis.com/alterra-greeve/greeve/86ab5c9f-64ff-4768-b9de-d6e402a4783c71ohIptAImL._AC_UF894,1000_QL80_.jpg",1
7fb5e5ab-3a39-49ed-be9b-625bcf9cd4fd,2024-06-12 03:21:34.543,2024-06-12 03:21:34.543,,627efc9c-a3bf-4850-b4fa-0eac1768d042,https://storage.googleapis.com/alterra-greeve/greeve/93a90f0a-8e21-4fe7-8f7d-e4f23bb9e7bdeggshell_paint_wb-800x800.jpg,1
8004368b-6dc5-4342-bdfd-81a8b46905e2,2024-06-12 03:20:35.891,2024-06-12 03:20:35.891,,9376eb2d-b9b6-4674-b949-8e3bf42616f5,https://storage.googleapis.com/alterra-greeve/greeve/2d11719e-b9b6-434f-b4a1-783b79ffd799no-brand_no-brand_full01.webp,1
836d3404-b4f9-496a-9498-729fe8f9173d,2024-06-12 03:21:48.070,2024-06-12 03:21:48.070,,b677eb44-63be-4ffb-8741-8d155b912d21,https://storage.googleapis.com/alterra-greeve/greeve/d559f50a-68c0-460a-be9f-7eb909e735e4ZZH_T27573A01_000_02.jpg,1
85bf4dc6-1577-4ed6-ac52-d0994243032d,2024-06-12 03:20:06.607,2024-06-12 03:20:06.607,,b3b4ae7a-ed2e-4163-bf71-1a00b089c8a3,https://storage.googleapis.com/alterra-greeve/greeve/c75dc5f6-7510-4d25-90a9-36e61112b1eaECO-notebooks.webp,1
86277bcd-b535-4de2-9f86-284334d3e4b9,2024-06-12 03:21:07.454,2024-06-12 03:21:07.454,,e3f27cb4-dcda-4114-b1aa-d1afd1e65ab3,https://storage.googleapis.com/alterra-greeve/greeve/e6945979-9a10-4abc-b64c-bf6a8fa10f663416_-_Packshot_-_01.webp,1
86d48a89-8e16-4468-83b0-7e827a9ae580,2024-06-12 03:21:23.255,2024-06-12 03:21:23.255,,7e7a386a-c8c9-430c-b7d6-2e81f1bad678,https://storage.googleapis.com/alterra-greeve/greeve/271fe697-b266-404b-8f39-169819a59bc1front-FS01-WH__37153.jpg,1
8c3e74f9-92e5-415a-9cc6-e64821c40994,2024-06-12 03:20:51.662,2024-06-12 03:20:51.662,,7ec87ad7-5380-438e-996d-dea7538d3b64,https://storage.googleapis.com/alterra-greeve/greeve/c5e5cfd7-accc-4a33-a1e4-2173c1b1a3fcil_1588xN.1925528247_3zpq.webp,1
8c7cf3b8-03ee-4f42-9735-65ff8b2a8725,2024-06-12 03:21:21.002,2024-06-12 03:21:21.002,,9d73a948-298b-4896-8d43-2ad828cbd836,https://storage.googleapis.com/alterra-greeve/greeve/3b3a6921-b046-4e77-9a19-4d1c9f29cc82Rimagined_Laptop_Sleeves_Checkered_Src_8.webp,2
8fd46c9a-c79a-4cdd-98d4-a745d87f37ba,2024-06-12 03:20:04.354,2024-06-12 03:20:04.354,,7c45085a-2466-4f5e-9ccd-bdd139751dac,https://storage.googleapis.com/alterra-greeve/greeve/b27c09ea-ae32-4cfc-85e6-0c2e962305e8818HQZIZgZL.__AC_SY300_SX300_QL70_FMwebp_.webp,1
90d02038-4ccb-4649-8cf9-4ead4e016d45,2024-06-12 03:21:25.514,2024-06-12 03:21:25.514,,591c7cbe-3820-4ce1-991c-3294169f815b,https://storage.googleapis.com/alterra-greeve/greeve/c41ebb0d-2ebc-49a6-b9ce-44af452dd01363aec880-1385-4edd-950e-763f339eb6ad.jpg,1
95c507b0-0bbc-40cf-8c94-bd88d3c36370,2024-06-12 03:21:43.559,2024-06-12 03:21:43.559,,0d4dc83a-6a0c-4d38-8ae0-8a0eba8c03dc,https://storage.googleapis.com/alterra-greeve/greeve/b422f557-fb5f-4bbc-a2c5-649f01642310136311-a18e6b57f5fd4fa488aaaa859c1d891a_900x.webp,1
971416f4-e94d-45a4-acb3-a2fa9038be11,2024-06-12 03:20:11.112,2024-06-12 03:20:11.112,,cc8d605c-db48-40ec-b62c-826a6aa5f9a2,https://storage.googleapis.com/alterra-greeve/greeve/55c70474-5251-421b-a4b2-7fcd9bb44272518fd648-46dc-4fbb-a2bc-15b0e57db458.jpg,1
9790fe21-bc84-4186-b7e6-34067be3b319,2024-06-12 03:20:47.158,2024-06-12 03:20:47.158,2024-06-11 20:21:35.841,644c996a-5407-416f-86a3-b8fa9233886f,https://storage.googleapis.com/alterra-greeve/greeve/d063a9c6-3ade-4df4-b05a-c0efab059a7761z7WoMtSnL.__AC_SY445_SX342_QL70_FMwebp_.webp,1
97ec44f7-b6f0-4920-b512-81a70a617100,2024-06-12 03:20:44.905,2024-06-12 03:20:44.905,,f5dac7fe-afb6-4eff-9203-68f6994be2db,https://storage.googleapis.com/alterra-greeve/greeve/a4a917b4-20e4-4150-a7a0-8437ef94c9853_29941402-9cba-4802-9f45-edbaaf64e64b_1200x.webp,3
9b4ffb26-78d5-43fe-a73e-0d2e4b10e27f,2024-06-12 03:20:22.376,2024-06-12 03:20:22.376,,bc601a3e-513f-4ba5-b1ac-171d27489b90,https://storage.googleapis.com/alterra-greeve/greeve/63355302-4eb9-4585-aabb-fb2cf36db1d3upcycle-furniture-ideas.jpg,1
9dd7cc03-ac1a-463f-9a50-33c45ef2cec3,2024-06-12 03:20:33.641,2024-06-12 03:20:33.641,,9d1a9780-55e1-43c0-ba09-9e0b40e7cb81,https://storage.googleapis.com/alterra-greeve/greeve/2290ad20-df4c-4bfd-8bb7-94283bf7f920regenerating-cleanser-main.webp,1
9fd5d01b-af25-4c0f-b441-9b853fb626b0,2024-06-12 03:21:39.052,2024-06-12 03:21:39.052,,8b99ccfa-8517-45bc-b7c5-fd4fd5a56b29,https://storage.googleapis.com/alterra-greeve/greeve/91856227-4892-408d-8b48-70fcd60f30e6EZAHM37.webp,1
a1868af7-1d87-4dfe-899c-1fadae977086,2024-06-12 03:20:02.101,2024-06-12 03:20:02.101,,7fbf0a60-57bf-419f-900a-a993d3168cec,https://storage.googleapis.com/alterra-greeve/greeve/6b391e80-0aef-491e-82be-17716d7047aamessy_hair_amazingy_bag.jpg,1
a3054792-243b-4eb3-b6f6-bde9fed599e8,2024-06-12 03:20:15.617,2024-06-12 03:20:15.617,,5d502c20-9e83-4e84-9d93-db901a3508b5,https://storage.googleapis.com/alterra-greeve/greeve/58e8b9ea-57c0-4bf2-8f36-be23fb2ccccbimages (1).jpeg,2
a8389b07-2a26-4f80-96d4-c8e24d2500aa,2024-06-12 03:21:11.969,2024-06-12 03:21:11.969,,7be7821a-c433-4597-bf94-a4e464cbc37e,https://storage.googleapis.com/alterra-greeve/greeve/b3acfa7d-10bb-43cd-a2df-422b6db1af1441ecjg7T0pL._SY445_SX342_QL70_FMwebp_.webp,1
adab79c2-a72d-4ffd-9fd6-751e57ea03ef,2024-06-12 03:20:53.917,2024-06-12 03:20:53.917,,4f164404-0792-470c-89ee-3e48fd53e50c,https://storage.googleapis.com/alterra-greeve/greeve/8f3f23bd-55f9-46f3-b46d-8ebeed584f6a814-173-38113_2.webp,3
b809c0c0-c502-4e0b-b3a6-d399415117df,2024-06-12 03:21:32.275,2024-06-12 03:21:32.275,,7a371522-d22e-431b-bf25-149e80809c27,https://storage.googleapis.com/alterra-greeve/greeve/19a98ddb-7c04-4cd2-bfcc-70d0d62ab81e633f74d7ed5b7f6c86198e36-bamboo-desktop-organizer-home-office.jpg,1
b98610bc-7bef-4283-ad53-2674a7db85f8,2024-06-12 03:21:07.454,2024-06-12 03:21:07.454,,e3f27cb4-dcda-4114-b1aa-d1afd1e65ab3,https://storage.googleapis.com/alterra-greeve/greeve/1c71b970-f061-4a45-bfc8-e146a04586683416_-_Packshot_-_02.webp,2
c19fdc06-f83e-4099-82ef-6f97f361bf91,2024-06-12 03:20:17.871,2024-06-12 03:20:17.871,,f5e9bae2-1e04-4e2f-8ed5-319849ba8b39,https://storage.googleapis.com/alterra-greeve/greeve/a2720d40-a2f0-4bb2-9d96-853d39039047images (2).jpeg,1
c34a9db2-b757-48b4-8586-ff7eed3a2aba,2024-06-12 03:20:04.354,2024-06-12 03:20:04.354,,7c45085a-2466-4f5e-9ccd-bdd139751dac,https://storage.googleapis.com/alterra-greeve/greeve/ae7d23a8-3710-4961-a4c5-d510252fe9fc71nbjZF6TxL._AC_SX679_.jpg,2
ccd532ab-6458-4dd0-bfe5-2bd5d1829be6,2024-06-12 03:21:05.199,2024-06-12 03:21:05.199,,4d844f6d-a1e1-44d4-8627-29ee6d06ec44,https://storage.googleapis.com/alterra-greeve/greeve/03be69a9-6bfb-4b3b-aaeb-19c8262b53dfimages (6).jpeg,1
cd13abee-20f9-4964-8554-a0d59fc3b804,2024-06-12 03:20:31.387,2024-06-12 03:20:31.387,,de45d430-da60-4701-a51a-ffda02ba69c5,https://storage.googleapis.com/alterra-greeve/greeve/2603e2f9-26f8-44dc-8e8f-92f604f00dffTrashy_Smart_Bag_-_Unfolded.jpg,1
cd4e1a45-7b8c-4005-921e-4c4167ac5e61,2024-06-12 03:21:30.021,2024-06-12 03:21:30.021,,bddb97ac-1212-440a-ae73-00c89a1621b2,https://storage.googleapis.com/alterra-greeve/greeve/a9e14f84-6978-44ab-82ca-2b2193871b5f8150MJRwgjL._AC_SY879_.jpg,2
cf68c878-1a66-4b24-844c-2f75f5d7c870,2024-06-12 03:20:24.629,2024-06-12 03:20:24.629,,e5da3310-6ec6-4b43-81c2-a6eb5a0538c8,https://storage.googleapis.com/alterra-greeve/greeve/4b31515d-913e-4562-b17c-a398c7bf287aseoarticle7desktop2-1645003305957.webp,2
d41c0600-d78b-402d-bc8f-f780ad824664,2024-06-12 03:21:41.306,2024-06-12 03:21:41.306,,868790b7-4439-49c4-b960-d48bde0fed0b,https://storage.googleapis.com/alterra-greeve/greeve/60f95086-7144-4b12-8798-5055acfefd9b71yejp4eNPL._AC_SX679_.jpg,3
d652ea0a-73ff-4349-b30a-8338d5ba3954,2024-06-12 03:21:18.749,2024-06-12 03:21:18.749,,ba8150f4-103a-438a-8d14-90ad8dc46a30,https://storage.googleapis.com/alterra-greeve/greeve/284813e4-e6e5-4546-97a8-5a92a1b89530asko-w2084cw_3.jpeg,2
d9b4b497-1fb8-4158-9310-54256af14d1b,2024-06-12 03:20:40.400,2024-06-12 03:20:40.400,,fae8d2c5-8374-41e3-b2dc-f38ca67f1723,https://storage.googleapis.com/alterra-greeve/greeve/7101ef8d-d9c1-4ed3-a8ea-f46f5cec3d08images (5).jpeg,1
e308de21-6afc-4c24-81b5-dfac3ef50482,2024-06-12 03:21:16.474,2024-06-12 03:21:16.474,,005c310b-015a-4075-b3b5-575b1feb14d6,https://storage.googleapis.com/alterra-greeve/greeve/7395c073-f751-4017-8662-3da92efe4511sZWtCnFaQH.webp,1
ec81fcd7-530e-4c92-aec2-b73529b1786e,2024-06-12 03:20:56.168,2024-06-12 03:20:56.168,,0e65c6d4-15ab-435f-8b63-364df43fd70f,https://storage.googleapis.com/alterra-greeve/greeve/5fe5c383-3e39-41dc-9b40-eb0fabcbfe9agreenworks-wipes.webp,1
f0e23553-0086-481a-bc96-63227f53a71f,2024-06-12 03:20:06.607,2024-06-12 03:20:06.607,,b3b4ae7a-ed2e-4163-bf71-1a00b089c8a3,https://storage.googleapis.com/alterra-greeve/greeve/627c1804-50fe-4797-ae83-90f11fbd7276ECO-notebooks-2-980x980.webp,2
f3d1dee4-f7af-4d4a-a98e-3b218ca57505,2024-06-12 03:20:08.860,2024-06-12 03:20:08.860,,7dc84308-0330-41f1-8072-ca635e5055c8,https://storage.googleapis.com/alterra-greeve/greeve/cc9059cf-4e00-46bc-9e21-7d2534b5d2d3718B2kwwspL._AC_SX679_.jpg,2
